,occupation,6p_total,# of people,% of total people,average debt per person
0,merchant,10577.739828999998,8,80.0,1322.2174786249998
1,gentleman,4586.66,1,10.0,4586.66
2,esq,102.089033,1,10.0,102.089033
