,county,state,mean_6p_held
28,Cecil,MD,5027.25076923077
24,Anne Arundel,MD,3242.416702702702
173,Newport,RI,2908.512727272728
41,Worcester,MD,2521.14
36,Queen Annes,MD,2419.4524999999994
26,Calvert,MD,2367.245
30,Dorchester,MD,2322.9891666666667
267,Ohio,VA,2206.72
